locus,prob,log10(PO),qval,alpha,fst,log10q,outlier
10203,0.98385,1.7847,0.0069628,1.5991,0.088341,-2.15721607935319,True
14546,0.9983,2.7688,0.00085004,1.7672,0.101,-3.07056063737919,True
19221,1,1000,0,2.0115,0.1218,-Inf,True
19944,0.97455,1.5831,0.010661,1.6706,0.094619,-1.9722020566497,True
2694,0.99,1.9956,0.0039002,1.7644,0.10177,-2.40891312203265,True
8290,0.9058,0.98296,0.024585,1.5016,0.085315,-1.60932978737382,True
