locus,prob,log10(PO),qval,alpha,fst,log10q,outlier
24927,0.99955,3.3466,0.00045002,2.5442,0.048144,-3.3467681846766,True
