locus,prob,log10(PO),qval,alpha,fst,log10q,outlier
24927,0.9786,1.6602,0.021401,2.4967,0.047311,-1.669565933,TRUE
,,,,,,0.021401,
