locus,he,fst,meanAlleleFreq,qvals,pv,outlier
24927,0.5,0.336695272690178,0.5,0.00080843627757089,3.32114362677771e-07,1
