locus,prob,log10(PO),qval,alpha,fst,log10q,outlier
24927,0.99995,4.301,5.0003e-05,2.5562,0.046979,-4.30100393877677,True
