locus,prob,log10(PO),qval,alpha,fst,log10q,outlier
24927,0.99995,4.301,5.00E-05,2.5562,0.046979,-4.301003939,TRUE
,,,,,,5.0003E-05,
