locus,prob,log10(PO),qval,alpha,fst,log10q,outlier
24927,0.99845,2.809,0.0015501,2.5252,0.047374,-2.80964028373468,True
